{"cameraMode":{"drawMode":0,"name":"Shaded","section":"Shading Mode"},"sceneLighting":false,"audioPlay":false,"sceneViewState":{"showFog":true,"showMaterialUpdate":false,"showSkybox":false,"showFlares":true,"showImageEffects":true,"showParticleSystems":true},"in2DMode":false,"pivot":{"x":-17.399999618530275,"y":0.5,"z":0.7000000476837158},"rotation":{"x":0.43316760659217837,"y":0.5400646328926086,"z":-0.3822230100631714,"w":0.6120485663414002},"size":2.8578836917877199,"orthographic":false}