{"cameraMode":{"drawMode":0,"name":"Shaded","section":"Shading Mode"},"sceneLighting":false,"audioPlay":false,"sceneViewState":{"showFog":true,"showMaterialUpdate":false,"showSkybox":false,"showFlares":true,"showImageEffects":true,"showParticleSystems":true},"in2DMode":false,"pivot":{"x":9.888215065002442,"y":0.15986992418766023,"z":6.874941825866699},"rotation":{"x":0.12136361002922058,"y":-0.7232796549797058,"z":0.13161492347717286,"w":0.6669446229934692},"size":0.9137893319129944,"orthographic":false}