{"cameraMode":{"drawMode":0,"name":"Shaded","section":"Shading Mode"},"sceneLighting":false,"audioPlay":false,"sceneViewState":{"showFog":true,"showMaterialUpdate":false,"showSkybox":false,"showFlares":true,"showImageEffects":true,"showParticleSystems":true},"in2DMode":false,"pivot":{"x":-0.8699173927307129,"y":0.24057352542877198,"z":0.06525778770446778},"rotation":{"x":0.3275158405303955,"y":0.06512393802404404,"z":-0.022634578868746759,"w":0.9423274397850037},"size":8.040826797485352,"orthographic":false}