{"cameraMode":{"drawMode":0,"name":"Shaded","section":"Shading Mode"},"sceneLighting":true,"audioPlay":false,"sceneViewState":{"showFog":true,"showMaterialUpdate":false,"showSkybox":true,"showFlares":true,"showImageEffects":true,"showParticleSystems":true},"in2DMode":false,"pivot":{"x":0.6612578630447388,"y":2.082573413848877,"z":0.6099172830581665},"rotation":{"x":0.13094554841518403,"y":-0.6261775493621826,"z":0.10774417966604233,"w":0.7610164284706116},"size":6.673426151275635,"orthographic":true}