{"cameraMode":{"drawMode":0,"name":"Shaded","section":"Shading Mode"},"sceneLighting":false,"audioPlay":false,"sceneViewState":{"showFog":true,"showMaterialUpdate":false,"showSkybox":false,"showFlares":true,"showImageEffects":true,"showParticleSystems":true},"in2DMode":false,"pivot":{"x":0.20707494020462037,"y":0.04230386018753052,"z":0.23761576414108277},"rotation":{"x":0.21725380420684815,"y":0.0008769466076046228,"z":-0.00019507226534187794,"w":0.9761163592338562},"size":1.7284220457077027,"orthographic":false}