{"cameraMode":{"drawMode":0,"name":"Shaded","section":"Shading Mode"},"sceneLighting":false,"audioPlay":false,"sceneViewState":{"showFog":true,"showMaterialUpdate":false,"showSkybox":true,"showFlares":true,"showImageEffects":true,"showParticleSystems":true},"in2DMode":false,"pivot":{"x":2.530359983444214,"y":-2.3385236263275148,"z":0.48374539613723757},"rotation":{"x":0.39399734139442446,"y":0.009650385938584805,"z":-0.004137125331908464,"w":0.9190523624420166},"size":20.958332061767579,"orthographic":false}