{"cameraMode":{"drawMode":0,"name":"Shaded","section":"Shading Mode"},"sceneLighting":true,"audioPlay":false,"sceneViewState":{"showFog":true,"showMaterialUpdate":false,"showSkybox":true,"showFlares":true,"showImageEffects":true,"showParticleSystems":true},"in2DMode":false,"pivot":{"x":0.9475722312927246,"y":2.4943175315856935,"z":0.8647934198379517},"rotation":{"x":0.3808640241622925,"y":-0.026346480473876,"z":0.010857731103897095,"w":0.9241927862167358},"size":34.82441329956055,"orthographic":false}