{"cameraMode":{"drawMode":0,"name":"Shaded","section":"Shading Mode"},"sceneLighting":true,"audioPlay":false,"sceneViewState":{"showFog":true,"showMaterialUpdate":false,"showSkybox":false,"showFlares":true,"showImageEffects":true,"showParticleSystems":true},"in2DMode":false,"pivot":{"x":-4.8236541748046879,"y":1.5805339813232422,"z":-3.425107955932617},"rotation":{"x":0.7615118026733398,"y":-0.13591353595256806,"z":0.16948944330215455,"w":0.6106561422348023},"size":4.614433765411377,"orthographic":false}