{"cameraMode":{"drawMode":0,"name":"Shaded","section":"Shading Mode"},"sceneLighting":true,"audioPlay":false,"sceneViewState":{"showFog":true,"showMaterialUpdate":false,"showSkybox":true,"showFlares":true,"showImageEffects":true,"showParticleSystems":true},"in2DMode":false,"pivot":{"x":5.4156670570373539,"y":0.4418846368789673,"z":15.84494686126709},"rotation":{"x":0.6028665900230408,"y":0.3891303241252899,"z":-0.5515777468681336,"w":0.4253138303756714},"size":33.79965591430664,"orthographic":true}