{"cameraMode":{"drawMode":0,"name":"Shaded","section":"Shading Mode"},"sceneLighting":true,"audioPlay":false,"sceneViewState":{"showFog":true,"showMaterialUpdate":false,"showSkybox":true,"showFlares":true,"showImageEffects":true,"showParticleSystems":true},"in2DMode":false,"pivot":{"x":0.05458858609199524,"y":1.0,"z":0.06897461414337158},"rotation":{"x":0.36680638790130618,"y":0.08910686522722244,"z":-0.035322412848472598,"w":0.9253465533256531},"size":4.21483850479126,"orthographic":false}