{"cameraMode":{"drawMode":0,"name":"Shaded","section":"Shading Mode"},"sceneLighting":false,"audioPlay":false,"sceneViewState":{"showFog":true,"showMaterialUpdate":false,"showSkybox":false,"showFlares":true,"showImageEffects":true,"showParticleSystems":true},"in2DMode":false,"pivot":{"x":6.380000114440918,"y":0.5547555685043335,"z":4.411416053771973},"rotation":{"x":-0.12246580421924591,"y":0.8663084506988525,"z":-0.25946128368377688,"w":-0.4088994562625885},"size":4.1383256912231449,"orthographic":false}